"Timestamp","Username","1. Age","2. Gender","3. Please tell us which ethnic group you identify with:","4. Educational Background","5. Occupation","6. How would you rate the accessibility of government services in Iraq?","7. Please rate the quality of government services you have accessed online","8. How frequently do you use online government services?","9. Are you satisfied with the range of government services available online?","10. How would you rate the responsiveness of government websites when accessing services?","11. To what extent do you believe that integrating computer technology can enhance the efficiency of government services in Iraq?","12. What are the primary factors influencing the successful implementation of e-government initiatives in Iraq? (Select all that apply)","13.How confident are you in the ability of government agencies to protect your personal information when accessing online services?","14. What challenges do you foresee in implementing e-government initiatives in Iraq?"
"2024/05/06 8:10:30 PM GMT+3","mohandharbe59@gmail.com","18-24","Male","Arab","Master's degree or higher","Private sector employee","Very Dissatisfied","Poor","Monthly","Dissatisfied","Very Poor","Neutral","Technological infrastructure","Moderately confident","Technological limitations"
"2024/05/06 8:12:00 PM GMT+3","zeadmhros397@gmail.com","35-44","Male","Arab","Less than high school","Government employee","Very Dissatisfied","Poor","Never","Neutral","Very Poor","Neutral","Technological infrastructure","Not at all confident","Technological limitations"
"2024/05/06 8:14:21 PM GMT+3","mhlearn6@gmail.com","35-44","Male","Kurdish","Some college/ Associate degree","Unemployed","Very Dissatisfied","Fair","Never","Dissatisfied","Neutral","Agree","Government policies and regulations;Cultural acceptance of technology","Very confident","Security concerns"
"2024/05/06 8:17:37 PM GMT+3","waseemdoqmaq1@gmail.com","18-24","Male","Arab","Some college/ Associate degree","Student","Neutral","Poor","Never","Very Dissatisfied","Very Poor","Strongly Agree","Public awareness and education","Moderately confident","Resistance to change"
"2024/05/06 8:28:16 PM GMT+3","cueit21004@cue.edu.krd","18-24","Male","Assyrian","Bachelor's degree","Student","Neutral","Good","Rarely","Neutral","Poor","Agree","Technological infrastructure","Moderately confident","Security concerns"
"2024/05/06 8:29:32 PM GMT+3","cuecs21004@cue.edu.krd","18-24","Female","Arab","Master's degree or higher","Retired","Very Dissatisfied","Poor","Never","Very Dissatisfied","Very Poor","Strongly Disagree","Technological infrastructure","Not at all confident","Technological limitations"
"2024/05/06 8:29:47 PM GMT+3","shlamaballo@gmail.com","18-24","Male","Turkmen","Some college/ Associate degree","Student","Very Dissatisfied","Very Good","Weekly","Dissatisfied","Neutral","Neutral","Cultural acceptance of technology","Very confident","Infrastructure inadequacies"
"2024/05/06 8:31:31 PM GMT+3","cuear20004@cue.edu.krd","18-24","Male","Arab","Bachelor's degree","Student","Very Dissatisfied","Poor","Rarely","Neutral","Poor","Neutral","Cultural acceptance of technology","Moderately confident","Resistance to change"
"2024/05/06 8:31:51 PM GMT+3","julian.k.yalda@gmail.com","18-24","Male","Assyrian","Some college/ Associate degree","Student","Neutral","Fair","Monthly","Dissatisfied","Poor","Neutral","Public awareness and education","Moderately confident","Resistance to change"
"2024/05/06 8:32:05 PM GMT+3","adamakram2005@gmail.com","18-24","Male","Arab","Bachelor's degree","Student","Neutral","Poor","Never","Satisfied","Neutral","Agree","Government policies and regulations","Very confident","Resistance to change"
"2024/05/06 8:32:43 PM GMT+3","fadifaris2001@gmail.com","18-24","Male","Assyrian","Bachelor's degree","Private sector employee","Dissatisfied","Good","Monthly","Neutral","Neutral","Strongly Agree","Technological infrastructure;Cultural acceptance of technology","Slightly","Security concerns"
"2024/05/06 8:44:33 PM GMT+3","cueit21011@cue.edu.krd","18-24","Male","Assyrian","High school graduate","Student","Dissatisfied","Fair","Monthly","Neutral","Neutral","Agree","Cultural acceptance of technology","Very confident","Security concerns"
"2024/05/06 8:46:15 PM GMT+3","jbraeljoseph@gmail.com","18-24","Male","Assyrian","High school graduate","Student","Satisfied","Very Good","Rarely","Satisfied","Good","Agree","Public awareness and education","Slightly","Infrastructure inadequacies"
"2024/05/06 8:47:18 PM GMT+3","jbrailjz007@gmail.com","18-24","Male","Assyrian","Some college/ Associate degree","Self-employed","Satisfied","Very Good","Weekly","Neutral","Poor","Agree","Technological infrastructure","Very confident","Technological limitations"
"2024/05/06 8:49:34 PM GMT+3","jbrailjz3@gmail.com","18-24","Male","Arab","High school graduate","Student","Neutral","Very Good","Rarely","Very Satisfied","Very Good","Agree","Government policies and regulations;Public awareness and education;Cultural acceptance of technology","Very confident","Security concerns"
"2024/05/07 10:25:37 AM GMT+3","cuecs21001@cue.edu.krd","25-34","Male","Assyrian","High school graduate","Student","Dissatisfied","Fair","Rarely","Dissatisfied","Neutral","Agree","Technological infrastructure;Public awareness and education","Moderately confident","Security concerns"
"2024/05/07 10:40:28 AM GMT+3","lanasamir28@gmail.com","18-24","Female","Chaldean","High school graduate","Student","Very Dissatisfied","Poor","Rarely","Very Dissatisfied","Very Poor","Neutral","Technological infrastructure;Public awareness and education;Cultural acceptance of technology","Not at all confident","Security concerns"
"2024/05/07 10:41:33 AM GMT+3","fadybarshaloni59@gmail.com","18-24","Male","Arab","Bachelor's degree","Student","Very Dissatisfied","Poor","Never","Very Dissatisfied","Very Poor","Neutral","Public awareness and education","Moderately confident","Resistance to change"
"2024/05/07 10:42:18 AM GMT+3","fadyyousef203@gmail.com","18-24","Male","Arab","Bachelor's degree","Student","Dissatisfied","Fair","Weekly","Satisfied","Good","Agree","Cultural acceptance of technology","Very confident","Infrastructure inadequacies"
"2024/05/07 10:43:04 AM GMT+3","fadyarch50@gmail.com","18-24","Male","Arab","Bachelor's degree","Self-employed","Dissatisfied","Good","Rarely","Dissatisfied","Good","Strongly Disagree","Government policies and regulations","Slightly","Security concerns"
"2024/05/07 12:18:04 PM GMT+3","cueph23023@cue.edu.krd","18-24","Female","Kurdish","High school graduate","Student","Neutral","Fair","Never","Neutral","Neutral","Neutral","Public awareness and education;Cultural acceptance of technology","Moderately confident","Other (please specify): _____________________________"